/* insert 50 Student data */
 INSERT INTO Student VALUES (12001,'Mohammad','Maher','A',' Lehigh Station Road','Rochester',14623,'2007-03-15','m',null);
 INSERT INTO Student VALUES (12002,'Ahmad','Saad','D','west dr','Rochester',14623,'2007-11-11','m',null); 
 INSERT INTO Student VALUES (12003,'Nuha','Ahmad','A','Esquire dr','Rochester',14623,'2007-11-14','m',null);
 INSERT INTO Student VALUES (12004,'Ayah','Qarashia','Y','west Henriatta dr','Rochester',14623,'2007-04-07','m',null);
 INSERT INTO Student VALUES (12005,'Sumaiah','Zaini','R','Henriatta dr','Rochester',14623,'2007-11-06','m',null);
 INSERT INTO Student VALUES (12006,'Anas','Dengo','L','Lyell Ave','Rochester',14623,'2007-09-17','m',null);
 INSERT INTO Student VALUES (12007,'Hamza','Abuhassan','A','Church St','Rochester',14623,'2005-05-05','m',null);
 INSERT INTO Student VALUES (12008,'Mayar','Alghamdi','A','west squire dr','Rochester',14623,'2006-06-06','m',null);
 INSERT INTO Student VALUES (12009,'Shaimaa','Bateeh','R','Henriatta dr','Rochester',14623,'2005-03-03','m',null);
 INSERT INTO Student VALUES (12010,'Jonah','Alshehri','A','westfall dr','Rochester',14623,'2006-12-15','m',null);
 INSERT INTO Student VALUES (12011,'Ghadah','Altruki','R','westfall dr','Rochester',14623,'2004-07-03','m',null);
 INSERT INTO Student VALUES (12012,'Abdullah','Alkharrobi','M','main st','Rochester',14623,'2003-10-23','m',null);
 INSERT INTO Student VALUES (12014,'Ahmad','Saleh','A','North dr','Rochester',14623,'2005-04-12','m',null);
 INSERT INTO Student VALUES (12015,'Aziz','Alharbi','M','Church St','Rochester',14623,'2005-11-11','m',null);
 INSERT INTO Student VALUES (12016,'Yumna','Qarashia','Y','Lyell Ave','Rochester',14623,'2004-03-14','m',null);
 INSERT INTO Student VALUES (12017,'Mahir','Zain','A','west squire dr','Rochester',14623,'2008-09-02','m',null);
 INSERT INTO Student VALUES (12018,'Hanan','Alhusini','T','west squire dr','Rochester',14623,'2004-01-01','m',null);
 INSERT INTO Student VALUES (12019,'Mike','John','R','Lyell Ave','Rochester',14623,'2003-12-12','m',null);
 INSERT INTO Student VALUES (12020,'Fatima','Alkharrobi','M','west squire dr','Rochester',14623,'2002-12-21','m',null);
 INSERT INTO Student VALUES (12021,'Camaria','Bevavy','','Monroe Ave','Rochester',14623,'2003-01-13','m',null);
 INSERT INTO Student VALUES (12022,'Ragdeep','Moturu','','E squire dr','Rochester',14623,'2003-03-12','m',null); 
 INSERT INTO Student VALUES (12023,'Aziz','Eid','A','west squire dr','Rochester',14623,'2007-05-05','m',null);
 INSERT INTO Student VALUES (12024,'Ankit','Goel','','Monroe Ave','Rochester',14623,'2007-02-02','m',null);
 INSERT INTO Student VALUES (12025,'Luis','Montero','A','Monroe Ave','Rochester',14623,'2007-11-11','m',null);
 INSERT INTO Student VALUES (12026,'Sarah','Eid','A','west squire dr','Rochester',14623,'2007-02-22','m',null);
 INSERT INTO Student VALUES (12027,'Patrick','Muhire','','west squire dr','Rochester',14623,'2007-05-07','m',null);
 INSERT INTO Student VALUES (12028,'Pannu','Karan','L','Green Moor Way','Rochester',14623,'2007-11-10','m',null);
 INSERT INTO Student VALUES (12029,'Ishita','Mehta','','west squire dr','Rochester',14623,'2007-06-17','m',null);
 INSERT INTO Student VALUES (12030,'Ayah','Sami','M','west squire dr','Rochester',14623,'2007-03-26','m',null);
 INSERT INTO Student VALUES (12031,'Varun','Sood','','west squire dr','Rochester',14623,'2007-09-09','m',null);
 INSERT INTO Student VALUES (12032,'Mohammad','Sami','M','East Henrietta Rd','Rochester',14623,'2007-08-08','m',null);
 INSERT INTO Student VALUES (12033,'Mayar','Alharbi','A','Church St','Rochester',14623,'2007-07-07','m',null);
 INSERT INTO Student VALUES (12034,'Hassan','Mohibi','','west squire dr','Rochester',14623,'2007-04-15','m',null);
 INSERT INTO Student VALUES (12035,'Wella','Mohibi','','East Henrietta Rd','Rochester',14623,'2005-07-13','m',null);
 INSERT INTO Student VALUES (12036,'Mohammad','Maher','A','west squire dr','Rochester',14623,'2006-02-22','m',null);
 INSERT INTO Student VALUES (12037,'Andrew','Bell','A','High Manor Drive ','Rochester',14623,'2006-12-12','m',null);
 INSERT INTO Student VALUES (12038,'Edward','Belea','A','Green Moor Way','Rochester',14623,'2004-10-10','m',null);
 INSERT INTO Student VALUES (12039,'Sarah','Ibrahim','','E squire dr','Rochester',14623,'2004-04-14','m',null);
 INSERT INTO Student VALUES (12040,'Suzan','Joe','','w Henritta dr','Rochester',14623,'2004-04-04','m',null);
 INSERT INTO Student VALUES (12041,'Norah','Adel','A','Critinon dr','Rochester',14623,'2005-05-05','m',null);
 INSERT INTO Student VALUES (12042,'Sali','Salemi','s',' Jeferson dr','Rochester',14623,'2003-03-03','m',null);
 INSERT INTO Student VALUES (12043,'Basel','Alkharrobi','E','Wakefield Street','Rochester',14623,'2007-12-09','m',null); 
 INSERT INTO Student VALUES (12044,'Dived','Edward','','High Manor Drive ','Rochester',14623,'2005-03-23','m',null);
 INSERT INTO Student VALUES (12045,'Hans','Peter','','Jeferson Road','Rochester',14623,'2004-04-25','m',null);
 INSERT INTO Student VALUES (12046,'Abbey','Abraham','E','Jeferson Road','Rochester',14623,'2007-07-07','m',null);
 INSERT INTO Student VALUES (12047,'Adela','Nuri','D',' Lehigh Station Road','Rochester',14623,'2003-03-03','m',null);
 INSERT INTO Student VALUES (12048,'Belal','Taher','A','west squire dr','Rochester',14623,'2003-09-10','m',null);
 INSERT INTO Student VALUES (12049,'Mustafa','Nather','M','west squire dr','Rochester',14623,'2003-08-22','m',null);
 INSERT INTO Student VALUES (12050,'Ahmad','Yusri','A','west squire dr','Rochester',14623,'2004-10-10','m',null);


/* insert Tuitin Data 
 * the monthly payment is from 375
 * student can have a discound if he is the seconed child in the school , will pay 350   
 * the first month the pay +200 $ for books and activites
 */
INSERT INTO Tuition VALUES (2012,1,575.00);
INSERT INTO Tuition VALUES (2012,2,375.00);
INSERT INTO Tuition VALUES (2012,3,375.00);
INSERT INTO Tuition VALUES (2012,4,375.00);
INSERT INTO Tuition VALUES (2012,5,375.00);
INSERT INTO Tuition VALUES (2012,6,200.00);
INSERT INTO Tuition VALUES (2012,9,375.00);
INSERT INTO Tuition VALUES (2012,10,375.00);
INSERT INTO Tuition VALUES (2012,11,375.00);
INSERT INTO Tuition VALUES (2012,12,300.00);
INSERT INTO Tuition VALUES (2013,1,575.00);
INSERT INTO Tuition VALUES (2013,2,375.00);
INSERT INTO Tuition VALUES (2013,3,375.00);
INSERT INTO Tuition VALUES (2013,4,375.00);
INSERT INTO Tuition VALUES (2013,5,375.00);
INSERT INTO Tuition VALUES (2013,6,200.00);
INSERT INTO Tuition VALUES (2013,9,375.00);
INSERT INTO Tuition VALUES (2013,10,375.00);
INSERT INTO Tuition VALUES (2013,11,375.00);
INSERT INTO Tuition VALUES (2013,12,300.00);


/* insert Staff data */
INSERT INTO Staff VALUES (10001,'Yasmeen','Haroon','M','140 Lehigh Station Road','Henrietta,NY',14467, 3/16/1975'1975-03-16','f',5851213344,'principal','',10000);
INSERT INTO Staff VALUES (10002,'Thuraia','Suliman','A','9 Bennington Hills Court','West Henrietta, NY',14586, '1977-11-20','f',5857773344,'Superviser','10001',7200.89);
INSERT INTO Staff VALUES (10003,'Khadija','Yamani','N','108 Commons Way','Rochester,NY',14623, '1979-06-06','f',5857773344,'Teacher','10001',3199.25);
INSERT INTO Staff VALUES (10004,'Hanan','Yamani','N','108 Commons Way','Rochester,NY',14623, '1980-04-14','f',5855553344,'Teacher','10001',4232.22);
INSERT INTO Staff VALUES (10005,'Khawla','Yamani','N','108 Commons Way','Rochester,NY',14623, '1984-05-25','f',5851113344,'Teacher','10001',4938.33);
INSERT INTO Staff VALUES (10006,'Noor','Mohibi','A','88 East Henrietta Rd','Brighton, NY',14623, '1983-07-27','f',5852223344,'Teacher','10002',3434.34);
INSERT INTO Staff VALUES (10007,'Jack','Jonson','','76 West Henrietta Rd','Rochester, NY',14623, '1977-07-07','m',5855858855,'Teacher','10001',5445.45);
INSERT INTO Staff VALUES (10008,'Umar','Ahmad','A','12 East Squire Rd','Brighton, NY',14623, '1979-06-18','m',5857479851,'SportTeacher','10002',6454.22);
INSERT INTO Staff VALUES (10009,'Samia','Jad','M','115 East Squire Rd','Rochester, NY',14623, '1984-06-22','f',5859794789,'Teacher','10002',6543.21);
INSERT INTO Staff VALUES (10010,'Amani','Yamani','N','110 Commons Way','Rochester, NY',14623, '1977-10-21','f',5858929185,'Assistant','10001',1234.56);
INSERT INTO Staff VALUES (10011,'Fatima','Jad','f','15 Squire Rd','Rochester, NY',14623, '1980-06-18','f',5859224789,'MathTeacher','10002',5544.33);
INSERT INTO Staff VALUES (10012,'Asmaa','Ahamd','f','55 Squire Rd','Rochester, NY',14623, '1980-06-01','f',5859994789,'ArabicTeacher','10002',4444.44);

/* insert Pay data for the first 13 student in 3 months jan,fib,mar/2012 */
INSERT INTO Pay VALUES ('2012-01-01',12001, 2012,1,'cash','');
INSERT INTO Pay VALUES ('2012-01-02',12002, 2012,1,'cash','');
INSERT INTO Pay VALUES ('2012-01-03',12003, 2012,1,'check','');
INSERT INTO Pay VALUES ('2012-01-04',12004, 2012,1,'check','');
INSERT INTO Pay VALUES ('2012-01-05',12005, 2012,1,'cash','');
INSERT INTO Pay VALUES ('2012-01-06',12006, 2012,1,'check','');
INSERT INTO Pay VALUES ('2012-01-07',12007, 2012,1,'check','');
INSERT INTO Pay VALUES ('2012-01-01',12008, 2012,1,'cash','');
INSERT INTO Pay VALUES ('2012-01-02',12009, 2012,1,'cash','');
INSERT INTO Pay VALUES ('2012-03-01',12010, 2012,1,'cash','');
INSERT INTO Pay VALUES ('2012-04-01',12011, 2012,1,'check','');
INSERT INTO Pay VALUES ('2012-01-01',12012, 2012,1,'cash','');
INSERT INTO Pay VALUES ('2012-01-02',12013, 2012,1,'check','');
INSERT INTO Pay VALUES ('2012-02-01',12001, 2012,2,'cash','');
INSERT INTO Pay VALUES ('2012-02-02',12002, 2012,2,'cash','');
INSERT INTO Pay VALUES ('2012-03-02',12003, 2012,2,'cash','');
INSERT INTO Pay VALUES ('2012-02-04',12004, 2012,2,'cash','');
INSERT INTO Pay VALUES ('2012-02-05',12005, 2012,2,'cash','');
INSERT INTO Pay VALUES ('2012-02-06',12006, 2012,2,'cash','');
INSERT INTO Pay VALUES ('2012-02-07',12007, 2012,2,'cash','');
INSERT INTO Pay VALUES ('2012-02-01',12008, 2012,2,'cash','');
INSERT INTO Pay VALUES ('2012-02-02',12009, 2012,2,'cash','');
INSERT INTO Pay VALUES ('2012-02-03',12010, 2012,2,'cash','');
INSERT INTO Pay VALUES ('2012-02-04',12011, 2012,2,'cash','');
INSERT INTO Pay VALUES ('2012-02-01',12012, 2012,2,'cash','');
INSERT INTO Pay VALUES ('2012-02-02',12013, 2012,2,'cash','');
INSERT INTO Pay VALUES ('2012-01-03',12001, 2012,3,'cash','');
INSERT INTO Pay VALUES ('2012-02-03',12002, 2012,3,'cash','');
INSERT INTO Pay VALUES ('2012-03-03',12003, 2012,3,'cash','');
INSERT INTO Pay VALUES ('2012-03-03',12004, 2012,3,'cash','');
INSERT INTO Pay VALUES ('2012-03-05',12005, 2012,3,'cash','');
INSERT INTO Pay VALUES ('2012-03-06',12006, 2012,3,'cash','');
INSERT INTO Pay VALUES ('2012-03-07',12007, 2012,3,'cash','');
INSERT INTO Pay VALUES ('2012-03-01',12008, 2012,3,'cash','');
INSERT INTO Pay VALUES ('2012-01-02',12009, 2012,3,'cash','');
INSERT INTO Pay VALUES ('2012-03-03',12010, 2012,3,'cash','');
INSERT INTO Pay VALUES ('2012-03-04',12011, 2012,3,'cash','');
INSERT INTO Pay VALUES ('2012-03-01',12012, 2012,3,'cash','');
INSERT INTO Pay VALUES ('2012-02-03',12013, 2012,3,'cash','');

/* insert Parent data */
INSERT INTO Parent VALUES ('Fatima','Alkharrobi',6038929188,'student',12016);
INSERT INTO Parent VALUES ('Fatima','Alkharrobi',6038929188,'student',12004);
INSERT INTO Parent VALUES ('Yasser','Qaarshia',6038929199,'student',12016);
INSERT INTO Parent VALUES ('Yasser','Qarashia',6038929199,'teacher',12004);
INSERT INTO Parent VALUES ('Misbah','Alghamdi',5859697788,'teacher',12008);
INSERT INTO Parent VALUES ('Ali','Alghamdi',5857471122,'Militry',12008);
INSERT INTO Parent VALUES ('Suheer','Alshehri',5859694444,'student',12010);
INSERT INTO Parent VALUES ('Ali','Alshrhri',5855858855,'Student',12010);
insert into Parent values ('Mohammad', 'Maher', 4852381037, 'Physician', 12001);
insert into Parent values ('Mohammad', 'Saad', 4583042948,'Teacher',12002),
('Samia','Ahmad',5853902489, 'Painter',12003),
('Ali','Qarashia',5850932894,'Scientist', 12004),
('Soumani','Zaini',5857346103,'Physician',12005),
('Alponi','Dengo',5856730924,'Musician',12006),
('Jeff','Abuhassan',5853450912,'Teacher',12007),
('Manou','Alghamdi', 5857341902,'Artist',12008),
('Salma','Bateeh', 5852341908, 'Baker',12009),
('Ketali','Alshehri', 5856782390, 'Actress',12010),
('Gad','Altruki', 58434901290, 'Actor',12011),
('Ali','Alkharrobi', 5849032589, 'Programmer', 12012),
('Mohammad','Saleh',5857891230,'Programmer',12014),
('Zazi','Alharbi',5859021879,'Painter',12015),
('Melany','Zain',5856781235,null,12017),
('Hellen','Alhusini',5852340916, 'Nurse',12018),
('Mark','John',5859023456,'Contractor',12019),
('Felicia','Alkharrobi',5952301976, 'Secretary',12020),
('Elvine','Bevavy',5890341056,'Teacher',12021),
('Sagar','Moturu',5852381098,'Programmer',12022),
('Aziz','Eid', 5851290345,'Programmer',12023),
('Nikit', 'Goel',5851340915,'Programmer',12024),
('Gerald', 'Montero',6853045256,'Contractor',12025),
('Aziz','Eid', 5851290345,'Programmer',12026),
('Monroe','Muhire',5683042300,'Painter',12027),
('Manou','Karan',5852389012,'Teacher',12028),
('Sita','Mehta',5854805217,'Nurse',12029),
('Ella','Sami',5859021789,'Nurse',12030),
('Sagan','Sood',5851230987,'Physician',12031),
('Ella','Sami',5859021789,'Nurse',12032),
('Maya','Alharbi',5859045217,'Nurse',12033),
('Haemi','Mohibi',5851234903,null,12034),
('Mohammad', 'Maher', 4852381037, 'Physician', 12035),
('David','Bell',5852049203,'Surgeon',12036),
('Bella','Belea',5852349086,'Nurse', 12037),
('Salma','Ibrahim',5853450982,null,12038);


/* insert Teach data */
INSERT INTO Teach VALUES (10008,12001,'FirstGarde','A','Fall',2012);  
INSERT INTO Teach VALUES (10008,12002,'SecondGrade','A','Fall',2012);  
INSERT INTO Teach VALUES (10008,12003,'ThirdGrade','B','Fall',2012);  
INSERT INTO Teach VALUES (10008,12004,'FourthGrade','B','Fall',2012);  
INSERT INTO Teach VALUES (10008,12005,'FifthGrade','A','Fall',2012);  
INSERT INTO Teach VALUES (10011,12006,'FirstGarde','A','Fall',2012);  
INSERT INTO Teach VALUES (10011,12007,'SecondGrade','A','Fall',2012);  
INSERT INTO Teach VALUES (10011,12008,'ThirdGrade','A','Fall',2012);  
INSERT INTO Teach VALUES (10011,12009,'FourthGrade','A','Fall',2012);  
INSERT INTO Teach VALUES (10011,12010,'FifthGrade','B','Fall',2012); 
INSERT INTO Teach VALUES (10012,12011,'FirstGarde','A','Fall',2012);  
INSERT INTO Teach VALUES (10012,12012,'SecondGrade','A','Fall',2012);  
INSERT INTO Teach VALUES (10012,12013,'ThirdGrade','B','Fall',2012);  
INSERT INTO Teach VALUES (10012,12014,'FourthGrade','A','Fall',2012);  
INSERT INTO Teach VALUES (10012,12015,'FifthGrade','A','Fall',2012);  
